experiment_id	phase	workload	metric	success_threshold	status	result	notes
TEXT-001	0	Current text and atlas baseline on a fixed mixed-script viewport	Atlas pages resident bytes entries hits misses uploads and frame timing	Baseline recorded with commands environment adapter scale factor and raw output paths	PASS	9502 entries 9 pages 34603008 resident bytes 9502 upload calls on RADV and llvmpipe	Artifacts and hashes are recorded in the progress ledger.
TEXT-002	1	Glyph origins from -2.0 to 2.0 in quarter-pixel steps including clipped negative positions	Reconstruction error and pixel output	Every quantized coordinate reconstructs exactly and negative/positive phase pairs have no one-pixel jump	PASS	Euclidean tick unit matrix and RADV/llvmpipe shifted pixel pairs passed	Negative and positive phase images differ only by the expected one-pixel translation.
TEXT-003	3	Remove tile A replay an old cached scene then insert tile B of the same size	Wrong-content pixels stale texture lookup and cache replay count	Old scene never samples B and the next frame bypasses stale paint replay	PASS	Suballocation and full-page ABA pixel matrix plus cached replay invalidation passed	Stable monotonic IDs tombstones and frame-boundary epoch changes are active.
TEXT-004	4	Scroll through at least 10000 unique CJK glyphs at 14 16 and 20 px with scale factors 1.0 1.25 and 2.0	Resident atlas bytes active pages evictions compactions and frame p95	Retained bytes plateau at the configured cache budget plus documented current-frame working-set and one compaction-page allowance with zero missing or wrong glyphs	PASS	89991 unique keys completed on RADV and llvmpipe with bounded residency and no missing glyphs	Whole-page compaction and working-set floor were exercised.
TEXT-005	4	One frame whose visible working set exceeds the configured retained-cache budget	Correct pixels and maximum resident bytes	The complete frame renders correctly; the implementation reports pressure and retains only the minimum working set after compaction rather than dropping glyphs	PASS	Zero-budget visible working set rendered completely and reported pressure	No glyph or image was dropped to satisfy the retained budget.
TEXT-006	4	Mixed glyph SVG animated image and large image churn	Resident bytes and cross-class eviction counts	Each content class obeys its own policy and large images do not evict the glyph working set	PASS	Glyph evictions stayed zero while image and SVG classes evicted independently	Hardware and fallback pixel outputs passed.
TEXT-007	5	OpenMoji plus licensed COLRv1 OpenType-SVG and monochrome glyph fixtures	Raster format atlas class and pixel output	Color-capable glyphs render untinted in a color atlas and monochrome glyphs remain tintable coverage on every supported backend	PASS	WGPU RADV and llvmpipe passed tracked COLRv1 SVG bitmap and monochrome fixtures	macOS and Windows native runners are NOT RUN on Linux with exact commands in the progress ledger.
TEXT-008	6	Adjacent high-contrast atlas entries rendered at integer fractional and transformed positions	Pixels outside content bounds and cross-tile bleed	No neighboring tile contributes to output; baseline image edges do not gain a visible transparent seam	PASS	Hardware and fallback matrices were pixel-identical with no bleed or image seam	Transparent coverage gutters and edge-extruded image gutters were both exercised.
TEXT-009	7	Repeated metrics and raster-info lookup across many sizes fonts transforms and subpixel variants	Cache bytes strike count hit rate and lookup p95	Configured byte and strike limits are respected and warm lookup p95 does not regress more than 5 percent	PASS	24 strike and 65536 byte churn caps held with 412 evictions; release warm p95 was 98.13 percent of flat baseline	1152-entry warm set had zero platform misses and no bitmap tier.
TEXT-010	8	Cold-cache mixed Latin CJK and emoji viewport	Upload calls uploaded bytes allocation count and frame p95	Keep batching only if upload calls fall materially and frame p95 does not regress more than 5 percent without excessive byte amplification	REJECTED	Calls fell 9520 to 1 and frame p95 stayed within 5 percent but bytes amplified 2.4104 times	Prototype was deleted and Metal DirectX were not evaluated after the WGPU gate failed.
TEXT-011	9	Full product smoke with editing scrolling resizing theme changes scale changes and device recovery	Pixel input focus IME frame timing and memory regressions	No correctness difference and median frame p95 ratio remains at or below 1.05 versus phase-0 baseline	PROPOSED		Record unavailable native platforms as NOT RUN with exact runbooks.
