experiment_id	phase	workload	metric	success_threshold	status	notes
VFS-EXP-001	0	Current local and remote scan open edit save rename delete watch media Git LSP and persistence behavior	baseline correctness and latency	Every existing failure in the scoped vertical flows is reproduced and classified before refactoring	PASS	Baseline a3a0f9734069b543f3fe1e0bdd77a37fbd1b2b31 on Fedora 46 x86_64 Btrfs; raw logs in .tmp/vfs-refactor; existing failures and timeouts are reproduced individually in vfs-refactor-progress.md.
VFS-EXP-002	1	Unix byte paths Windows drive UNC verbatim and surrogate paths plus archive names	lossless encode decode and comparison	All fixtures round-trip without loss; display conversion never changes operational identity	PASS	Fixed corpus schema 1 seed 1592614637 passes VFS validation and real protobuf encode decode on Linux; Windows and macOS cross-target checks pass; native Windows OsString generation remains platform QA NOT RUN.
VFS-EXP-003	2	Provider conformance suite against memory legacy and local adapters	contract consistency	Required operations unsupported errors cancellation and capability reporting match the specification	PASS	Shared conformance passes MemoryProvider LegacyFsProvider and LocalProvider; exact errors capabilities pagination conditional writes and unsupported native mapping are asserted.
VFS-EXP-004	2	Concurrent positioned reads and writes on local files	correctness throughput and cancellation	No shared-cursor races; cancellation releases handles; throughput is not below baseline by more than 10 percent	PASS	16 concurrent offset blocks round-trip without cursor races; sparse and EOF cases pass; cancellation is typed; native writes measured about 0.56 ms versus 6.67 ms legacy emulation on the Phase 2 host.
VFS-EXP-005	2	Watcher registration initial scan rename storms and overflow	missed duplicated and reordered changes	No missed committed state after reconciliation; overflow always converges through scoped rescan	PASS	Watch is registered before mutation; 20-renames preserve monotonic sequence; backend Rescan becomes explicit Overflow; paged scoped rescan matches final committed state.
VFS-EXP-006	3	One million-entry synthetic snapshot with partial directory expansion	memory first-paint and lookup latency	Unexpanded entries are not materialized; cached lookup p95 remains below 2 ms; memory budget recorded before implementation	PASS	Fixed 1000 by 1000 corpus materialized 11001 identities after root plus ten directory expansions; first paint 5.05 ms; lookup p95 0.811 microseconds; estimated identity 1616128 bytes and metadata 3024256 bytes; process RSS 18564 KiB; metadata directory and range LRU budgets are 48 80 and 128 MiB.
VFS-EXP-007	4	Loopback remote provider with latency packet fragmentation cancellation and disconnect	protocol correctness bytes and recovery	Every operation is cancellable; idempotent retry causes no duplicate mutation; reconnect converges deterministically	PASS	Shared provider conformance passes through RemoteProviderProxy; active unary and watch cancellation are typed; a 3-byte fragmented request with 2 ms injected latency commits once, loses its response, reconnects, and replays the journaled result without a duplicate mutation.
VFS-EXP-008	4	Remote watch resume after disconnect and journal truncation	sequence recovery	Resume succeeds when history exists; otherwise explicit overflow triggers scoped rescan and identical final snapshot	PASS	Loopback remote watch replays retained batches after resume; a truncated two-entry journal emits explicit overflow and the client VfsSnapshot rescan converges to the exact five-directory provider tree.
VFS-EXP-009	5	Buffer media project panel search and persistence over local and remote mounts	consumer parity	The same resource operations produce equivalent user-visible results without local or remote branches in consumers	NOT RUN	Track remaining compatibility adapters.
VFS-EXP-010	6	Local and remote LSP workspace edits rename and file operations	mapping and rejection correctness	Native file resources map exactly; read-only virtual resources reject unsupported edits without partial application	NOT RUN	Run with an LSP that emits create rename and delete resource operations.
VFS-EXP-011	7	ZIP Zip64 JAR APK Wheel VSIX and hostile archive fixtures over local and remote providers	tree parity range bytes memory and safety	Local and remote trees and member bytes match; listing never transfers the whole remote archive; all configured safety limits hold	NOT RUN	Include duplicate names traversal names encrypted entries bombs and corrupted central directories.
VFS-EXP-012	8	Subtree readonly cache and optional overlay composition	capability and mutation semantics	Required wrappers pass conformance capabilities compose monotonically and containment cannot escape; overlay passes its model suite or is explicitly rejected	NOT RUN	Record the experiment PASS only after required wrappers pass; record overlay PASS or REJECTED separately in the decision ledger.
VFS-EXP-013	9	Cross-provider copy move disconnect and rollback matrix	atomicity and partial-failure reporting	Native fast paths are used when supported; fallbacks report partial completion precisely and never claim atomicity falsely	NOT RUN	Move fallback requires verified copy before delete.
VFS-EXP-014	10	Full workspace regression performance dead-code and documentation audit	build tests lint size latency legacy paths and mdBook output	Completion definition in refactoring-plan.md is satisfied with no unexplained TODO duplicate implementation or documentation build failure	NOT RUN	Platform checks unavailable locally remain explicit NOT RUN with runbooks.
