claim_id	repository	claim	evidence_kind	path_or_endpoint	locator	commit_sha	checked_at	confidence	notes
ZZZ-001	zzz	App is the central owner of platform services, executors, entities, windows, observers, globals, and invalidation maps.	implementation	crates/gpui/src/app.rs	L662-L749	34fb99e58d0dac953afb9a577a3aae6f99fb0c71	2026-10-02T17:17:30Z	high	-
ZZZ-002	zzz	App construction captures foreground/background executors and asserts that construction occurs on the main thread.	implementation	crates/gpui/src/app.rs	L752-L768	34fb99e58d0dac953afb9a577a3aae6f99fb0c71	2026-10-02T17:17:30Z	high	-
ZZZ-003	zzz	Entity state is type-erased in EntityMap while strong handles use atomic reference counts stored behind Arc<RwLock>.	implementation	crates/gpui/src/app/entity_map.rs	L56-L84	34fb99e58d0dac953afb9a577a3aae6f99fb0c71	2026-10-02T17:17:30Z	high	-
ZZZ-004	zzz	Updating an Entity temporarily leases its value out of EntityMap; re-entrant reads or updates of the same entity fail.	implementation	crates/gpui/src/app/entity_map.rs	L132-L168	34fb99e58d0dac953afb9a577a3aae6f99fb0c71	2026-10-02T17:17:30Z	high	-
ZZZ-005	zzz	Entity handles are typed identifiers; state access requires an App context.	implementation	crates/gpui/src/app/entity_map.rs	L426-L491	34fb99e58d0dac953afb9a577a3aae6f99fb0c71	2026-10-02T17:17:30Z	high	-
ZZZ-006	zzz	Context<T> is a mutable App wrapper plus a weak handle to the current entity.	implementation	crates/gpui/src/app/context.rs	L19-L58	34fb99e58d0dac953afb9a577a3aae6f99fb0c71	2026-10-02T17:17:30Z	high	-
ZZZ-007	zzz	Context::notify delegates to App::notify for the current EntityId.	implementation	crates/gpui/src/app/context.rs	L228-L245	34fb99e58d0dac953afb9a577a3aae6f99fb0c71	2026-10-02T17:17:30Z	high	-
ZZZ-008	zzz	During rendering, App records which entities each window accessed and maps those entities back to the window invalidator.	implementation	crates/gpui/src/app.rs	L1051-L1094	34fb99e58d0dac953afb9a577a3aae6f99fb0c71	2026-10-02T17:17:30Z	high	-
ZZZ-009	zzz	App::notify filters invalidation to windows that currently track the entity and invalidates the corresponding view.	implementation	crates/gpui/src/app.rs	L2495-L2529	34fb99e58d0dac953afb9a577a3aae6f99fb0c71	2026-10-02T17:17:30Z	high	-
ZZZ-010	zzz	WindowInvalidator records dirty views, coalesces the dirty transition, queues observer notification, and wakes the platform frame source.	implementation	crates/gpui/src/window.rs	L109-L179	34fb99e58d0dac953afb9a577a3aae6f99fb0c71	2026-10-02T17:17:30Z	high	-
ZZZ-011	zzz	Cached AnyView rendering reuses prepaint and paint ranges when bounds, mask, text style, and entity dirtiness permit.	implementation	crates/gpui/src/view.rs	L133-L241	34fb99e58d0dac953afb9a577a3aae6f99fb0c71	2026-10-02T17:17:30Z	high	-
ZZZ-012	zzz	Application::run delegates the event loop to Platform::run and invokes startup with a mutable App.	implementation	crates/gpui/src/app.rs	L169-L245	34fb99e58d0dac953afb9a577a3aae6f99fb0c71	2026-10-02T17:17:30Z	high	-
ZZZ-013	zzz	App::open_window allocates a Window, builds its root Entity, performs an initial draw, and stores the window.	implementation	crates/gpui/src/app.rs	L1201-L1240	34fb99e58d0dac953afb9a577a3aae6f99fb0c71	2026-10-02T17:17:30Z	high	-
ZZZ-014	zzz	Window installs a platform frame callback that draws dirty content, presents the Scene, completes the platform frame, and re-wakes when still dirty.	implementation	crates/gpui/src/window.rs	L1400-L1497	34fb99e58d0dac953afb9a577a3aae6f99fb0c71	2026-10-02T17:17:30Z	high	-
ZZZ-015	zzz	A Window draw performs root request_layout, prepaint including hit testing, then paint into the next frame.	implementation	crates/gpui/src/window.rs	L2740-L2828	34fb99e58d0dac953afb9a577a3aae6f99fb0c71	2026-10-02T17:17:30Z	high	-
ZZZ-016	zzz	Window::draw swaps next/rendered frames and Window::present passes the rendered Scene to PlatformWindow::draw.	implementation	crates/gpui/src/window.rs	L2591-L2731	34fb99e58d0dac953afb9a577a3aae6f99fb0c71	2026-10-02T17:17:30Z	high	-
ZZZ-017	zzz	Element defines three explicit phases: request_layout, prepaint, and paint.	implementation	crates/gpui/src/element.rs	L49-L106	34fb99e58d0dac953afb9a577a3aae6f99fb0c71	2026-10-02T17:17:30Z	high	-
ZZZ-018	zzz	Platform and PlatformWindow are broad interfaces covering lifecycle/services and window/input/render responsibilities respectively.	implementation	crates/gpui/src/platform.rs	L118-L250	34fb99e58d0dac953afb9a577a3aae6f99fb0c71	2026-10-02T17:17:30Z	high	Static count: 61 Platform methods; see research report methodology.
ZZZ-019	zzz	PlatformWindow directly owns frame callbacks, input callbacks, drawing, atlas access, IME positioning, and many window controls.	implementation	crates/gpui/src/platform.rs	L610-L734	34fb99e58d0dac953afb9a577a3aae6f99fb0c71	2026-10-02T17:17:30Z	high	Static count: 77 PlatformWindow methods; see research report methodology.
ZZZ-020	zzz	gpui_platform is primarily the cfg-gated platform selector and Application constructor.	implementation	crates/gpui_platform/src/gpui_platform.rs	L1-L60	34fb99e58d0dac953afb9a577a3aae6f99fb0c71	2026-10-02T17:17:30Z	high	-
ZZZ-021	zzz	Only macOS is wired to a real PlatformHeadlessRenderer by gpui_platform; other targets return None.	implementation	crates/gpui_platform/src/gpui_platform.rs	L62-L75	34fb99e58d0dac953afb9a577a3aae6f99fb0c71	2026-10-02T17:17:30Z	high	-
ZZZ-022	zzz	gpui_wgpu depends on gpui, and PlatformWindow::draw consumes gpui::Scene, so the renderer contract depends inward on the runtime crate.	inference	crates/gpui_wgpu/Cargo.toml	L15-L34	34fb99e58d0dac953afb9a577a3aae6f99fb0c71	2026-10-02T17:17:30Z	high	Supported by ZZZ-019 and the gpui dependency in this manifest.
ZZZ-023	zzz	Platform input is normalized into PlatformInput and forwarded by the platform callback into Window::dispatch_event.	implementation	crates/gpui/src/window.rs	L1571-L1579	34fb99e58d0dac953afb9a577a3aae6f99fb0c71	2026-10-02T17:17:30Z	high	-
ZZZ-024	zzz	Mouse dispatch performs hit testing and capture then bubble listener traversal.	implementation	crates/gpui/src/window.rs	L4679-L4739	34fb99e58d0dac953afb9a577a3aae6f99fb0c71	2026-10-02T17:17:30Z	high	-
ZZZ-025	zzz	Keyboard dispatch uses the focused node path, keymap matching, actions, and capture/bubble key listeners.	implementation	crates/gpui/src/window.rs	L4762-L5006	34fb99e58d0dac953afb9a577a3aae6f99fb0c71	2026-10-02T17:17:30Z	high	-
ZZZ-026	zzz	PlatformInputHandler bridges platform text-system calls to an InputHandler through AsyncWindowContext.	implementation	crates/gpui/src/platform.rs	L1268-L1418	34fb99e58d0dac953afb9a577a3aae6f99fb0c71	2026-10-02T17:17:30Z	high	-
ZZZ-027	zzz	Editor registers ElementInputHandler during paint so platform IME calls target the Editor entity.	implementation	crates/editor/src/element.rs	L11452-L11475	34fb99e58d0dac953afb9a577a3aae6f99fb0c71	2026-10-02T17:17:30Z	high	-
ZZZ-028	zzz	Editor implements UTF-16 selection, marked text, replacement, composition highlighting, cursor geometry, and input grouping for IME.	implementation	crates/editor/src/editor.rs	L24093-L24415	34fb99e58d0dac953afb9a577a3aae6f99fb0c71	2026-10-02T17:17:30Z	high	-
ZZZ-029	zzz	Editor tests verify IME composition, clipping, undo grouping, and multi-cursor behavior.	test	crates/editor/src/editor_tests.rs	L526-L633	34fb99e58d0dac953afb9a577a3aae6f99fb0c71	2026-10-02T17:17:30Z	high	-
ZZZ-030	zzz	Dropping a GPUI Task cancels it unless detached; foreground and background executors have distinct thread constraints.	implementation	crates/gpui/src/executor.rs	L14-L39	34fb99e58d0dac953afb9a577a3aae6f99fb0c71	2026-10-02T17:17:30Z	high	-
ZZZ-031	zzz	GPUI timers use the scheduler clock, enabling virtual time and deterministic advance_clock/run_until_parked tests.	implementation	crates/gpui/src/executor.rs	L220-L269	34fb99e58d0dac953afb9a577a3aae6f99fb0c71	2026-10-02T17:17:30Z	high	-
ZZZ-032	zzz	gpui_tokio owns or accepts a Tokio runtime and aborts Tokio work when the wrapping GPUI task is cancelled.	implementation	crates/gpui_tokio/src/gpui_tokio.rs	L8-L94	34fb99e58d0dac953afb9a577a3aae6f99fb0c71	2026-10-02T17:17:30Z	high	-
ZZZ-033	zzz	TestWindow can simulate platform input and frame requests and optionally render through a PlatformHeadlessRenderer.	implementation	crates/gpui/src/platform/test/window.rs	L16-L170	34fb99e58d0dac953afb9a577a3aae6f99fb0c71	2026-10-02T17:17:30Z	high	-
ZZZ-034	zzz	TestAppContext drives actions, keystrokes, text input, and scheduler progress deterministically.	implementation	crates/gpui/src/app/test_context.rs	L456-L509	34fb99e58d0dac953afb9a577a3aae6f99fb0c71	2026-10-02T17:17:30Z	high	-
ZZZ-035	zzz	The element arena localizes unsafe allocation and invalidates ArenaBox handles when cleared.	implementation	crates/gpui/src/arena.rs	L10-L205	34fb99e58d0dac953afb9a577a3aae6f99fb0c71	2026-10-02T17:17:30Z	high	-
ZZZ-036	zzz	Web Platform initializes WebGPU asynchronously and leaves several desktop capabilities unsupported.	implementation	crates/gpui_web/src/platform.rs	L109-L244	34fb99e58d0dac953afb9a577a3aae6f99fb0c71	2026-10-02T17:17:30Z	high	-
ZZZ-037	zzz	WebWindow renders through WgpuRenderer but has a no-op IME position update and unsupported desktop window operations.	implementation	crates/gpui_web/src/window.rs	L761-L824	34fb99e58d0dac953afb9a577a3aae6f99fb0c71	2026-10-02T17:17:30Z	high	-
ZZZ-038	zzz	ui_input uses a process-global OnceLock factory so Editor can supply the concrete text editor behind an erased interface.	implementation	crates/ui_input/src/ui_input.rs	L1-L43	34fb99e58d0dac953afb9a577a3aae6f99fb0c71	2026-10-02T17:17:30Z	high	-
ZZZ-039	zzz	InputField panics if the erased editor factory was not initialized, making initialization order part of its contract.	implementation	crates/ui_input/src/input_field.rs	L53-L71	34fb99e58d0dac953afb9a577a3aae6f99fb0c71	2026-10-02T17:17:30Z	high	-
ZZZ-040	zzz	Editor initializes ui_input’s global factory and implements the erased adapter.	implementation	crates/editor/src/editor.rs	L380-L397	34fb99e58d0dac953afb9a577a3aae6f99fb0c71	2026-10-02T17:17:30Z	high	-
ZZZ-041	zzz	ui_prompt depends on workspace settings and installs a product-specific prompt renderer into GPUI.	implementation	crates/ui_prompt/src/ui_prompt.rs	L1-L38	34fb99e58d0dac953afb9a577a3aae6f99fb0c71	2026-10-02T17:17:30Z	high	-
ZZZ-042	zzz	The ui_prompt manifest directly depends on workspace, so it is an application integration crate rather than a generic UI primitive.	implementation	crates/ui_prompt/Cargo.toml	L17-L24	34fb99e58d0dac953afb9a577a3aae6f99fb0c71	2026-10-02T17:17:30Z	high	-
ZZZ-043	zzz	ZZZ startup initializes gpui_tokio and the application services inside Application::run.	implementation	crates/zzz/src/main.rs	L418-L457	34fb99e58d0dac953afb9a577a3aae6f99fb0c71	2026-10-02T17:17:30Z	high	-
ZZZ-044	zzz	ZZZ currently has view-level cache invalidation but no explicit public measure/arrange/paint invalidation categories.	inference	crates/gpui/src/view.rs	L46-L53	34fb99e58d0dac953afb9a577a3aae6f99fb0c71	2026-10-02T17:17:30Z	medium	Supported by ZZZ-009, ZZZ-011, ZZZ-015; no broader claim is made about unavailable internal optimizations.
ZED-001	zed	Current Zed GPUI adds AccessKit as a core dependency and exposes bench/profiler support.	implementation	crates/gpui/Cargo.toml	L19-L58	23d10a4754bb917e635b584b5686bc492ea25995	2026-10-02T17:17:30Z	high	-
ZED-002	zed	Element exposes accessibility role, node metadata, and synthetic-child hooks.	implementation	crates/gpui/src/element.rs	L108-L138	23d10a4754bb917e635b584b5686bc492ea25995	2026-10-02T17:17:30Z	high	-
ZED-003	zed	Accessibility nodes are built during prepaint from stable element IDs and resolved bounds.	implementation	crates/gpui/src/element.rs	L366-L440	23d10a4754bb917e635b584b5686bc492ea25995	2026-10-02T17:17:30Z	high	-
ZED-004	zed	Per-window A11y state rebuilds an AccessKit tree per frame and maps focus and actions back to GPUI elements.	implementation	crates/gpui/src/window/a11y.rs	L115-L300	23d10a4754bb917e635b584b5686bc492ea25995	2026-10-02T17:17:30Z	high	-
ZED-005	zed	macOS implements the GPUI accessibility bridge through accesskit_macos.	implementation	crates/gpui_macos/src/window.rs	L2356-L2408	23d10a4754bb917e635b584b5686bc492ea25995	2026-10-02T17:17:30Z	high	-
ZED-006	zed	Windows implements the GPUI accessibility bridge through accesskit_windows.	implementation	crates/gpui_windows/src/window.rs	L1075-L1138	23d10a4754bb917e635b584b5686bc492ea25995	2026-10-02T17:17:30Z	high	-
ZED-007	zed	Wayland implements the GPUI accessibility bridge through accesskit_unix.	implementation	crates/gpui_linux/src/linux/wayland/window.rs	L2166-L2218	23d10a4754bb917e635b584b5686bc492ea25995	2026-10-02T17:17:30Z	high	-
ZED-008	zed	Zed GPUI records structured frame timing and exposes a FrameTimingCollector for benchmarks.	implementation	crates/gpui/src/profiler.rs	L788-L850	23d10a4754bb917e635b584b5686bc492ea25995	2026-10-02T17:17:30Z	high	-
ZED-009	zed	ThreadedDispatcher provides production-like concurrent workers and real timers for tests and benchmarks.	implementation	crates/gpui/src/platform/threaded_dispatcher.rs	L17-L35	23d10a4754bb917e635b584b5686bc492ea25995	2026-10-02T17:17:30Z	high	-
ZED-010	zed	ThreadedDispatcher run_until_idle drains main-thread work while waiting for tracked background/timer work.	implementation	crates/gpui/src/platform/threaded_dispatcher.rs	L210-L260	23d10a4754bb917e635b584b5686bc492ea25995	2026-10-02T17:17:30Z	high	-
CE-001	gpui-ce	gpui-ce declares itself a community fork of Zed GPUI and publishes a broader standalone workspace.	implementation	Cargo.toml	L1-L36	175ef66578817bf96b2e26b0cd568dd4f4793529	2026-10-02T17:17:30Z	high	-
CE-002	gpui-ce	gpui_ce_render centralizes typed rendering/shader artifacts but still depends on the gpui runtime crate.	implementation	crates/gpui_render/Cargo.toml	L12-L34	175ef66578817bf96b2e26b0cd568dd4f4793529	2026-10-02T17:17:30Z	high	-
CE-003	gpui-ce	gpui_wgpu is split into resource, pipeline, frame, surface, drawing, and headless modules rather than one renderer file.	implementation	crates/gpui_wgpu/src/wgpu_renderer.rs	L1-L40	175ef66578817bf96b2e26b0cd568dd4f4793529	2026-10-02T17:17:30Z	high	-
CE-004	gpui-ce	WgpuHeadlessRenderer renders the ordinary Scene path to an offscreen texture and reads back RGBA pixels.	implementation	crates/gpui_wgpu/src/wgpu_renderer/headless.rs	L120-L230	175ef66578817bf96b2e26b0cd568dd4f4793529	2026-10-02T17:17:30Z	high	-
CE-005	gpui-ce	The standalone scheduler crate explicitly states it is vendored from Zed.	documentation	crates/gpui_scheduler/Cargo.toml	L1-L12	175ef66578817bf96b2e26b0cd568dd4f4793529	2026-10-02T17:17:30Z	medium	-
CE-006	gpui-ce	The additional gpui_elements crate contains an editable-text element library on top of gpui, not an extraction of the core Element system.	implementation	crates/gpui_elements/src/lib.rs	L1-L3	175ef66578817bf96b2e26b0cd568dd4f4793529	2026-10-02T17:17:30Z	high	-
KIT-001	gpui-kit	gpui-kit pins exact gpui-pre snapshot versions to avoid uncoordinated API drift.	implementation	Cargo.toml	L42-L60	3467e647600290343885b500bd7464057e334d18	2026-10-02T17:17:30Z	high	-
KIT-002	gpui-kit	gpui-base is a behavior/infrastructure layer and gpui-component is a separate styled component layer.	implementation	crates/base/src/lib.rs	L1-L6	3467e647600290343885b500bd7464057e334d18	2026-10-02T17:17:30Z	high	-
KIT-003	gpui-kit	Component traits separate controlled semantic state such as selected, disabled, and focus-ring intent from rendering.	implementation	crates/base/src/component_traits.rs	L1-L55	3467e647600290343885b500bd7464057e334d18	2026-10-02T17:17:30Z	high	-
KIT-004	gpui-kit	Semantic theme tokens use role-based names and explicitly avoid component-specific token names.	implementation	crates/base/src/theme_tokens.rs	L1-L45	3467e647600290343885b500bd7464057e334d18	2026-10-02T17:17:30Z	high	-
KIT-005	gpui-kit	The gpui-kit facade re-exports GPUI and keeps application imports stable across GPUI dependency changes.	implementation	crates/kit/src/lib.rs	L81-L113	3467e647600290343885b500bd7464057e334d18	2026-10-02T17:17:30Z	high	-
MOB-001	gpui-mobile	gpui-mobile depends on a pinned Zed gpui and gpui_wgpu revision rather than implementing a separate core.	implementation	Cargo.toml	L44-L77	c7cab3a43970bd5f1e05d907695404ed73fcdc95	2026-10-02T17:17:30Z	high	-
MOB-002	gpui-mobile	iOS Platform::run delegates lifecycle ownership to UIApplicationMain and resumes through FFI callbacks.	implementation	src/ios/platform.rs	L78-L114	c7cab3a43970bd5f1e05d907695404ed73fcdc95	2026-10-02T17:17:30Z	high	-
MOB-003	gpui-mobile	iOS lifecycle and window access use global raw-pointer registries exposed through C ABI.	implementation	src/ios/ffi.rs	L80-L174	c7cab3a43970bd5f1e05d907695404ed73fcdc95	2026-10-02T17:17:30Z	high	-
MOB-004	gpui-mobile	Mobile text input uses a thread-local callback outside the Entity system and a global dirty flag to force rendering.	implementation	src/lib.rs	L139-L186	c7cab3a43970bd5f1e05d907695404ed73fcdc95	2026-10-02T17:17:30Z	high	-
MOB-005	gpui-mobile	PlatformViewElement synchronizes a native view’s bounds and visibility from the GPUI paint phase.	implementation	src/components/platform_view_element.rs	L20-L50	c7cab3a43970bd5f1e05d907695404ed73fcdc95	2026-10-02T17:17:30Z	high	-
MOB-006	gpui-mobile	iOS lifecycle termination is only logged; quit callbacks are not implemented there.	implementation	src/ios/ffi.rs	L243-L252	c7cab3a43970bd5f1e05d907695404ed73fcdc95	2026-10-02T17:17:30Z	high	-
MOB-007	gpui-mobile	Momentum tests use real thread sleeps, so their timing evidence is not deterministic.	test	src/momentum.rs	L419-L457	c7cab3a43970bd5f1e05d907695404ed73fcdc95	2026-10-02T17:17:30Z	high	-
RSX-001	gpui-rsx	gpui-rsx is a standalone proc macro crate with no GPUI runtime dependency.	implementation	Cargo.toml	L1-L25	8e0751e9361c08af1ceec702be10b50fbf4e412f	2026-10-02T17:17:30Z	high	-
RSX-002	gpui-rsx	The macro maps HTML-like tags and classes into native GPUI builder method chains.	documentation	src/lib.rs	L45-L66	8e0751e9361c08af1ceec702be10b50fbf4e412f	2026-10-02T17:17:30Z	medium	-
RSX-003	gpui-rsx	Stateful RSX elements receive generated IDs and loop usage requires explicit key/id handling.	implementation	src/codegen/element.rs	L265-L290	8e0751e9361c08af1ceec702be10b50fbf4e412f	2026-10-02T17:17:30Z	high	-
RSX-004	gpui-rsx	Compile-fail diagnostics are exercised with trybuild UI fixtures.	test	tests/diagnostic_tests.rs	L1-L13	8e0751e9361c08af1ceec702be10b50fbf4e412f	2026-10-02T17:17:30Z	high	-
RSX-005	gpui-rsx	Dynamic classes generate a runtime matcher with permissive warning/ignore behavior or strict-mode panic.	implementation	src/codegen/runtime.rs	L110-L180	8e0751e9361c08af1ceec702be10b50fbf4e412f	2026-10-02T17:17:30Z	high	-
GTK-001	gpui-toolkit	gpui-toolkit vendors Zed GPUI snapshots plus a documented local patch stack instead of providing an independent core lineage.	documentation	crates/3rdparties/README.md	L1-L35	321f98e5d0041bd8e8f8c892afcfd92307fb803d	2026-10-02T17:17:30Z	medium	-
GTK-002	gpui-toolkit	gpui-builder keeps GPUI optional and exposes a platform-agnostic, unsafe-free layout solver.	implementation	crates/gpui-builder/Cargo.toml	L12-L45	321f98e5d0041bd8e8f8c892afcfd92307fb803d	2026-10-02T17:17:30Z	high	-
GTK-003	gpui-toolkit	gpui-builder property tests compare independent solver forms and assert finite non-overallocating results.	test	crates/gpui-builder/tests/proptests.rs	L21-L140	321f98e5d0041bd8e8f8c892afcfd92307fb803d	2026-10-02T17:17:30Z	high	-
GTK-004	gpui-toolkit	gpui-builder has a warmed steady-state zero-allocation contract.	test	crates/gpui-builder/tests/allocation_contracts.rs	L10-L71	321f98e5d0041bd8e8f8c892afcfd92307fb803d	2026-10-02T17:17:30Z	high	-
GTK-005	gpui-toolkit	gpui-design is pure data by default; GPUI integration is an optional feature.	implementation	crates/gpui-design/Cargo.toml	L13-L30	321f98e5d0041bd8e8f8c892afcfd92307fb803d	2026-10-02T17:17:30Z	high	-
GTK-006	gpui-toolkit	gpui-design separates shape/spacing/interaction/animation rules from color themes.	implementation	crates/gpui-design/src/lib.rs	L1-L10	321f98e5d0041bd8e8f8c892afcfd92307fb803d	2026-10-02T17:17:30Z	high	-
GTK-007	gpui-toolkit	gpui-ui-kit maps component semantics into GPUI AccessKit roles but records cross-platform screen-reader QA as pending.	implementation	crates/gpui-ui-kit/src/accessibility.rs	L124-L180	321f98e5d0041bd8e8f8c892afcfd92307fb803d	2026-10-02T17:17:30Z	high	-
GTK-008	gpui-toolkit	The UI kit also maintains a separate per-frame platform-neutral accessibility tree and deterministic snapshots.	implementation	crates/gpui-ui-kit/src/accessibility.rs	L916-L1038	321f98e5d0041bd8e8f8c892afcfd92307fb803d	2026-10-02T17:17:30Z	high	-
GTK-009	gpui-toolkit	gpui-profiler provides opt-in heap-allocation probes with exportable labeled samples.	implementation	crates/gpui-profiler/src/lib.rs	L1-L32	321f98e5d0041bd8e8f8c892afcfd92307fb803d	2026-10-02T17:17:30Z	high	-
GTK-010	gpui-toolkit	The custom draw registry is backend-specific and stores process-local callbacks by opaque ID.	implementation	crates/3rdparties/gpui/src/custom_draw.rs	L11-L70	321f98e5d0041bd8e8f8c892afcfd92307fb803d	2026-10-02T17:17:30Z	high	-
ADA-001	adabraka-ui	adabraka-ui depends on an external adabraka-gpui fork that is not included in this checkout.	unknown	Cargo.toml	L21-L24	e158684b23d9cb043fed3989ca252212046dabca	2026-10-02T17:17:30Z	low	The component repository was inspected, but the forked core implementation was unavailable; obtaining that source would resolve the core claims.
ADA-002	adabraka-ui	The TextField implementation leaves on_change as a no-op and returns no IME range bounds or point-to-character mapping.	implementation	src/components/text_field.rs	L136-L219	e158684b23d9cb043fed3989ca252212046dabca	2026-10-02T17:17:30Z	high	-
ADA-003	adabraka-ui	The local crate has only narrow unit tests for icon helpers and no visible GPUI integration test suite.	unknown	src/icon_config.rs	L75-L96	e158684b23d9cb043fed3989ca252212046dabca	2026-10-02T17:17:30Z	low	Static source search found only icon helper unit tests and no GPUI integration test directory; a complete published test corpus or runtime CI evidence would resolve this.
ADA-004	adabraka-ui	adabraka-ui is MIT licensed.	documentation	LICENSE	L1-L21	e158684b23d9cb043fed3989ca252212046dabca	2026-10-02T17:17:30Z	medium	-
AVA-001	avalonia	AvaloniaObject owns a ValueStore and binds every object to a UI Dispatcher with access checks.	implementation	src/Avalonia.Base/AvaloniaObject.cs	L17-L126	17350180c33b063f0e98abbfd19aa3cae63f5d56	2026-10-02T17:17:30Z	high	-
AVA-002	avalonia	Layoutable maps declared property changes to measure or arrange invalidation.	implementation	src/Avalonia.Base/Layout/Layoutable.cs	L440-L533	17350180c33b063f0e98abbfd19aa3cae63f5d56	2026-10-02T17:17:30Z	high	-
AVA-003	avalonia	LayoutManager keeps separate measure and arrange queues, runs bounded stabilization passes, and records timing.	implementation	src/Avalonia.Base/Layout/LayoutManager.cs	L34-L203	17350180c33b063f0e98abbfd19aa3cae63f5d56	2026-10-02T17:17:30Z	high	-
AVA-004	avalonia	CompositingRenderer records visual output, updates a CompositionTarget, and requests a compositor batch commit.	implementation	src/Avalonia.Base/Rendering/Composition/CompositingRenderer.cs	L16-L216	17350180c33b063f0e98abbfd19aa3cae63f5d56	2026-10-02T17:17:30Z	high	-
AVA-005	avalonia	Compositor separates client-side update scheduling from a ServerCompositor and batches commits.	implementation	src/Avalonia.Base/Rendering/Composition/Compositor.cs	L20-L150	17350180c33b063f0e98abbfd19aa3cae63f5d56	2026-10-02T17:17:30Z	high	-
AVA-006	avalonia	InputManager exposes explicit pre-process, device processing, process, and post-process stages.	implementation	src/Avalonia.Base/Input/InputManager.cs	L7-L45	17350180c33b063f0e98abbfd19aa3cae63f5d56	2026-10-02T17:17:30Z	high	-
AVA-007	avalonia	TextInputMethodManager discovers a focused TextInputMethodClient and synchronizes options, surrounding view transforms, and cursor rectangles with the platform IME.	implementation	src/Avalonia.Base/Input/TextInput/InputMethodManager.cs	L7-L171	17350180c33b063f0e98abbfd19aa3cae63f5d56	2026-10-02T17:17:30Z	high	-
AVA-008	avalonia	TextInputMethodClient is a narrow text-system boundary for preedit, surrounding text, selection, cursor geometry, and reset notifications.	implementation	src/Avalonia.Base/Input/TextInput/TextInputMethodClient.cs	L5-L125	17350180c33b063f0e98abbfd19aa3cae63f5d56	2026-10-02T17:17:30Z	high	-
AVA-009	avalonia	Headless input helpers run jobs and render repeatedly until the dispatcher reaches a stable state.	implementation	src/Headless/Avalonia.Headless/HeadlessWindowExtensions.cs	L171-L196	17350180c33b063f0e98abbfd19aa3cae63f5d56	2026-10-02T17:17:30Z	high	-
AVA-010	avalonia	Avalonia is MIT licensed.	documentation	licence.md	L1-L21	17350180c33b063f0e98abbfd19aa3cae63f5d56	2026-10-02T17:17:30Z	medium	-
OSU-001	openswiftui	GraphHost owns AttributeGraph subgraphs, graph inputs, transactions, and invalidation callbacks.	implementation	Sources/OpenSwiftUICore/Graph/GraphHost.swift	L47-L202	b17d55b85bb3380a45afeca183426b846e990b98	2026-10-02T17:17:30Z	high	-
OSU-002	openswiftui	GraphHost coalesces mutations into deferred transactions and flushes them through the graph delegate.	implementation	Sources/OpenSwiftUICore/Graph/GraphHost.swift	L423-L505	b17d55b85bb3380a45afeca183426b846e990b98	2026-10-02T17:17:30Z	high	-
OSU-003	openswiftui	ViewRendererHost tracks typed property invalidations, updates the graph, derives a DisplayList, and schedules the next update time.	implementation	Sources/OpenSwiftUICore/View/Graph/ViewRendererHost.swift	L117-L245	b17d55b85bb3380a45afeca183426b846e990b98	2026-10-02T17:17:30Z	high	-
OSU-004	openswiftui	DynamicPropertyBuffer uses unsafe heterogeneous storage and tracks which field offsets changed.	implementation	Sources/OpenSwiftUICore/Data/DynamicProperty/DynamicPropertyBuffer.swift	L14-L171	b17d55b85bb3380a45afeca183426b846e990b98	2026-10-02T17:17:30Z	high	-
OSU-005	openswiftui	DisplayList carries item features, properties, identities, versions, and next-update timing, but the file is explicitly marked WIP.	documentation	Sources/OpenSwiftUICore/Render/DisplayList/DisplayList.swift	L35-L166	b17d55b85bb3380a45afeca183426b846e990b98	2026-10-02T17:17:30Z	medium	-
OSU-006	openswiftui	The stdout renderer has executable output tests over a deterministic 640x480 view.	test	Renderer/Stdout/Tests/StdoutRendererTests/StdoutRendererTests.swift	L17-L64	b17d55b85bb3380a45afeca183426b846e990b98	2026-10-02T17:17:30Z	high	-
OSU-007	openswiftui	TestHost exposes size, safe area, event injection, rendering, invalidation, accessibility, and attribute-count test controls.	implementation	Sources/OpenSwiftUICore/Test/TestHost.swift	L9-L41	b17d55b85bb3380a45afeca183426b846e990b98	2026-10-02T17:17:30Z	high	-
OSU-008	openswiftui	OpenSwiftUI requires OpenAttributeGraph and OpenRenderBox packages for its core target.	implementation	Package.swift	L600-L609	b17d55b85bb3380a45afeca183426b846e990b98	2026-10-02T17:17:30Z	high	-
OSU-009	openswiftui	Key ViewRendererHost and display-list platform paths remain blocked or stubbed at this revision.	unknown	Sources/OpenSwiftUICore/View/Graph/ViewRendererHost.swift	L1-L8	b17d55b85bb3380a45afeca183426b846e990b98	2026-10-02T17:17:30Z	medium	Implementation search found _openSwiftUIEmptyStub calls and WIP/Blocked markers in the renderer path; runtime completeness was not tested.
OSU-010	openswiftui	OpenSwiftUI is MIT licensed.	documentation	LICENSE	L1-L20	b17d55b85bb3380a45afeca183426b846e990b98	2026-10-02T17:17:30Z	medium	-
ZZZ-045	zzz	ZZZ GPUI at this revision has no AccessKit dependency or core accessibility module corresponding to current Zed GPUI.	inference	crates/gpui/Cargo.toml	L1-L118	34fb99e58d0dac953afb9a577a3aae6f99fb0c71	2026-10-02T17:27:49Z	high	Supporting claims: ZED-001, ZED-002. Static source and manifest search found no accesskit dependency, _accessibility.rs, or window/a11y module in ZZZ.
KIT-006	gpui-kit	gpui-base declares Apache-2.0 licensing.	documentation	crates/base/Cargo.toml	L1-L5	3467e647600290343885b500bd7464057e334d18	2026-10-02T17:27:49Z	medium	-
MOB-008	gpui-mobile	gpui-mobile declares GPL-3.0-or-later OR AGPL-3.0-or-later OR Apache-2.0.	documentation	Cargo.toml	L1-L12	c7cab3a43970bd5f1e05d907695404ed73fcdc95	2026-10-02T17:27:49Z	medium	-
RSX-006	gpui-rsx	gpui-rsx is MIT licensed.	documentation	LICENSE	L1-L20	8e0751e9361c08af1ceec702be10b50fbf4e412f	2026-10-02T17:27:49Z	medium	-
GTK-011	gpui-toolkit	gpui-toolkit uses an ISC-style permissive root license.	documentation	LICENSE	L1-L12	321f98e5d0041bd8e8f8c892afcfd92307fb803d	2026-10-02T17:27:49Z	medium	-
