repository	head_sha	branch	shallow	sparse_checkout	sparse_patterns	worktree	porcelain
zzz	152a5eb983a883c69a6cc4eae082312ba75aa9f9	main	false	no		dirty	research docs modified; ?? .tmp/
zed	a84689073d296dfd39987bc7dd478e43ef76d83a	main	true	no		clean	-
gpui-ce	c6b17e616a35271183ab49f0da1890ee81953a99	main	true	no		clean	-
gpui-kit	edd5d3a42a65bfb51dec22df1623177c7b6db909	main	true	no		clean	-
gpui-mobile	c7cab3a43970bd5f1e05d907695404ed73fcdc95	main	true	no		clean	-
gpui-rsx	8e0751e9361c08af1ceec702be10b50fbf4e412f	main	true	no		clean	-
gpui-toolkit	26c5060dd414f567a8e42a4013439cf84eb6afe5	main	true	no		clean	-
adabraka-ui	e158684b23d9cb043fed3989ca252212046dabca	main	true	no		clean	-
avalonia	17350180c33b063f0e98abbfd19aa3cae63f5d56	main	true	no		clean	-
openswiftui	b17d55b85bb3380a45afeca183426b846e990b98	main	true	no		clean	-
