id	requested_name	requested_url	resolved_url	clone_path	status	notes	checked_at
zzz	ZZZ	https://github.com/Xero-Team/ZZZ	https://github.com/Xero-Team/ZZZ	.	direct	Existing local checkout; remote HEAD verified; inspected at the current local HEAD.	2026-10-03T11:28:36Z
zed	zed	https://github.com/zed-industries/zed.git	https://github.com/zed-industries/zed.git	.tmp/ui_ref/zed	direct	Remote HEAD verified and shallow-cloned read-only into .tmp/ui_ref/zed.	2026-10-03T11:28:37Z
gpui-ce	gpui-ce	https://github.com/gpui-ce/gpui-ce	https://github.com/gpui-ce/gpui-ce	.tmp/ui_ref/gpui-ce	direct	Remote HEAD verified and shallow-cloned read-only into .tmp/ui_ref/gpui-ce.	2026-10-03T11:28:37Z
gpui-kit	gpui-kit	https://github.com/longbridge/gpui-kit	https://github.com/longbridge/gpui-kit	.tmp/ui_ref/gpui-kit	direct	Remote HEAD verified and shallow-cloned read-only into .tmp/ui_ref/gpui-kit.	2026-10-03T11:28:38Z
gpui-mobile	gpui-mobile	https://github.com/itsbalamurali/gpui-mobile	https://github.com/itsbalamurali/gpui-mobile	.tmp/ui_ref/gpui-mobile	direct	Remote HEAD verified and shallow-cloned read-only into .tmp/ui_ref/gpui-mobile.	2026-10-03T11:28:38Z
gpui-rsx	gpui-rsx	https://github.com/wsafight/gpui-rsx	https://github.com/wsafight/gpui-rsx	.tmp/ui_ref/gpui-rsx	direct	Remote HEAD verified and shallow-cloned read-only into .tmp/ui_ref/gpui-rsx.	2026-10-03T11:28:39Z
gpui-toolkit	gpui-toolkit	https://github.com/pierreaubert/gpui-toolkit	https://github.com/pierreaubert/gpui-toolkit	.tmp/ui_ref/gpui-toolkit	direct	Remote HEAD verified and shallow-cloned read-only into .tmp/ui_ref/gpui-toolkit.	2026-10-03T11:28:39Z
adabraka-ui	adabraka-ui	https://github.com/Augani/adabraka-ui	https://github.com/Augani/adabraka-ui	.tmp/ui_ref/adabraka-ui	direct	Remote HEAD verified and shallow-cloned read-only into .tmp/ui_ref/adabraka-ui.	2026-10-03T11:28:40Z
avalonia	avalonia	https://github.com/avaloniaui/avalonia	https://github.com/avaloniaui/avalonia	.tmp/ui_ref/avalonia	direct	Remote HEAD verified and shallow-cloned read-only into .tmp/ui_ref/avalonia.	2026-10-03T11:28:40Z
openswiftui	openswiftui	https://github.com/OpenSwiftUIProject/OpenSwiftUI	https://github.com/OpenSwiftUIProject/OpenSwiftUI	.tmp/ui_ref/openswiftui	direct	Remote HEAD verified and shallow-cloned read-only into .tmp/ui_ref/openswiftui.	2026-10-03T11:28:41Z
