crate	manifest	gui_dependencies
acp_thread	crates/acp_thread/Cargo.toml	gpui,ui
acp_tools	crates/acp_tools/Cargo.toml	gpui,ui
action_log	crates/action_log/Cargo.toml	gpui
activity_indicator	crates/activity_indicator/Cargo.toml	gpui,ui
agent	crates/agent/Cargo.toml	gpui,gpui_tokio,ui
agent_servers	crates/agent_servers/Cargo.toml	gpui,gpui_tokio,ui
agent_settings	crates/agent_settings/Cargo.toml	gpui
agent_ui	crates/agent_ui/Cargo.toml	component,gpui,ui,ui_input
askpass	crates/askpass/Cargo.toml	gpui
assets	crates/assets/Cargo.toml	gpui
audio	crates/audio/Cargo.toml	gpui
audio_viewer	crates/audio_viewer/Cargo.toml	gpui,ui
breadcrumbs	crates/breadcrumbs/Cargo.toml	gpui,ui
buffer_diff	crates/buffer_diff/Cargo.toml	gpui
client	crates/client/Cargo.toml	gpui,gpui_tokio
collections	crates/collections/Cargo.toml	gpui_util
command_palette	crates/command_palette/Cargo.toml	gpui,ui
command_palette_hooks	crates/command_palette_hooks/Cargo.toml	gpui
component	crates/component/Cargo.toml	gpui
component_preview	crates/component_preview/Cargo.toml	component,gpui,gpui_platform,ui,ui_input
context_server	crates/context_server/Cargo.toml	gpui
credentials_provider	crates/credentials_provider/Cargo.toml	gpui
csv_preview	crates/csv_preview/Cargo.toml	gpui,ui
dap	crates/dap/Cargo.toml	gpui
dap_adapters	crates/dap_adapters/Cargo.toml	gpui
db	crates/db/Cargo.toml	gpui
debug_adapter_extension	crates/debug_adapter_extension/Cargo.toml	gpui
debugger_tools	crates/debugger_tools/Cargo.toml	gpui
debugger_ui	crates/debugger_ui/Cargo.toml	gpui,ui,ui_input
dev_container	crates/dev_container/Cargo.toml	gpui,ui
diagnostics	crates/diagnostics/Cargo.toml	component,gpui,ui
docs	crates/docs/Cargo.toml	gpui,ui
editor	crates/editor/Cargo.toml	gpui,ui,ui_input
editor_benchmarks	crates/editor_benchmarks/Cargo.toml	gpui,gpui_platform
encoding_selector	crates/encoding_selector/Cargo.toml	gpui,ui
env_var	crates/env_var/Cargo.toml	gpui_shared_string
etw_tracing	crates/etw_tracing/Cargo.toml	gpui
eval_utils	crates/eval_utils/Cargo.toml	gpui_platform
extension	crates/extension/Cargo.toml	gpui
extension_cli	crates/extension_cli/Cargo.toml	gpui_platform
extension_host	crates/extension_host/Cargo.toml	gpui,gpui_tokio
extensions_ui	crates/extensions_ui/Cargo.toml	gpui,ui
feature_flags	crates/feature_flags/Cargo.toml	gpui
feedback	crates/feedback/Cargo.toml	gpui
file_finder	crates/file_finder/Cargo.toml	gpui,ui,ui_input
file_icons	crates/file_icons/Cargo.toml	gpui
fs	crates/fs/Cargo.toml	gpui
fs_benchmarks	crates/fs_benchmarks/Cargo.toml	gpui,gpui_platform
fuzzy	crates/fuzzy/Cargo.toml	gpui
fuzzy_nucleo	crates/fuzzy_nucleo/Cargo.toml	gpui
git	crates/git/Cargo.toml	gpui
git_graph	crates/git_graph/Cargo.toml	gpui,ui
git_hosting_providers	crates/git_hosting_providers/Cargo.toml	gpui
git_ui	crates/git_ui/Cargo.toml	component,gpui,ui,ui_input
go_to_line	crates/go_to_line/Cargo.toml	gpui,ui
gpui	crates/gpui/Cargo.toml	gpui_macros,gpui_platform,gpui_shared_string,gpui_util
gpui_macos	crates/gpui_macos/Cargo.toml	gpui
gpui_macros	crates/gpui_macros/Cargo.toml	gpui
gpui_platform	crates/gpui_platform/Cargo.toml	gpui
gpui_tokio	crates/gpui_tokio/Cargo.toml	gpui
gpui_wgpu	crates/gpui_wgpu/Cargo.toml	gpui,gpui_util
gpui_windows	crates/gpui_windows/Cargo.toml	gpui
i18n	crates/i18n/Cargo.toml	gpui
image_viewer	crates/image_viewer/Cargo.toml	gpui,ui
input_latency_ui	crates/input_latency_ui/Cargo.toml	gpui
inspector_ui	crates/inspector_ui/Cargo.toml	gpui,ui
install_cli	crates/install_cli/Cargo.toml	gpui
journal	crates/journal/Cargo.toml	gpui
json_schema_store	crates/json_schema_store/Cargo.toml	gpui
keymap_editor	crates/keymap_editor/Cargo.toml	component,gpui,ui,ui_input
language	crates/language/Cargo.toml	gpui
language_core	crates/language_core/Cargo.toml	gpui_shared_string
language_detection	crates/language_detection/Cargo.toml	gpui
language_extension	crates/language_extension/Cargo.toml	gpui
language_model	crates/language_model/Cargo.toml	gpui,gpui_util
language_model_core	crates/language_model_core/Cargo.toml	gpui_shared_string
language_onboarding	crates/language_onboarding/Cargo.toml	gpui,ui
language_selector	crates/language_selector/Cargo.toml	gpui,ui
language_tools	crates/language_tools/Cargo.toml	gpui,ui
languages	crates/languages/Cargo.toml	gpui
line_ending_selector	crates/line_ending_selector/Cargo.toml	gpui,ui
lsp	crates/lsp/Cargo.toml	gpui,gpui_util
lsp_command_selector	crates/lsp_command_selector/Cargo.toml	gpui,ui
markdown	crates/markdown/Cargo.toml	gpui,gpui_platform,ui
markdown_preview	crates/markdown_preview/Cargo.toml	gpui,ui
menu	crates/menu/Cargo.toml	gpui
mermaid_render	crates/mermaid_render/Cargo.toml	gpui
miniprofiler_ui	crates/miniprofiler_ui/Cargo.toml	gpui
multi_buffer	crates/multi_buffer/Cargo.toml	gpui
notifications	crates/notifications/Cargo.toml	component,gpui,ui
onboarding	crates/onboarding/Cargo.toml	component,gpui,ui
open_path_prompt	crates/open_path_prompt/Cargo.toml	gpui,ui
outline	crates/outline/Cargo.toml	gpui,ui
outline_panel	crates/outline_panel/Cargo.toml	gpui,ui
panel	crates/panel/Cargo.toml	gpui,ui
pdf_viewer	crates/pdf_viewer/Cargo.toml	gpui,ui,ui_input
picker	crates/picker/Cargo.toml	gpui,gpui_util,ui,ui_input
platform_title_bar	crates/platform_title_bar/Cargo.toml	gpui,ui
prettier	crates/prettier/Cargo.toml	gpui
project	crates/project/Cargo.toml	gpui
project_benchmarks	crates/project_benchmarks/Cargo.toml	gpui,gpui_platform
project_panel	crates/project_panel/Cargo.toml	gpui,ui
project_symbols	crates/project_symbols/Cargo.toml	gpui
prompt_store	crates/prompt_store/Cargo.toml	gpui
recent_files	crates/recent_files/Cargo.toml	gpui,ui
recent_projects	crates/recent_projects/Cargo.toml	gpui,ui,ui_input
release_channel	crates/release_channel/Cargo.toml	gpui
remote	crates/remote/Cargo.toml	gpui
remote_connection	crates/remote_connection/Cargo.toml	gpui,ui,ui_input
remote_server	crates/remote_server/Cargo.toml	gpui,gpui_platform,gpui_tokio
repl	crates/repl/Cargo.toml	gpui,ui
reqwest_client	crates/reqwest_client/Cargo.toml	gpui_util
rope	crates/rope/Cargo.toml	gpui
rpc	crates/rpc/Cargo.toml	gpui
rules_library	crates/rules_library/Cargo.toml	gpui,ui,ui_input
search	crates/search/Cargo.toml	gpui,ui
session	crates/session/Cargo.toml	gpui
settings	crates/settings/Cargo.toml	gpui
settings_content	crates/settings_content/Cargo.toml	gpui
settings_profile_selector	crates/settings_profile_selector/Cargo.toml	gpui,ui
settings_ui	crates/settings_ui/Cargo.toml	component,gpui,ui
sidebar	crates/sidebar/Cargo.toml	gpui,ui
snippet_provider	crates/snippet_provider/Cargo.toml	gpui
snippets_ui	crates/snippets_ui/Cargo.toml	gpui,ui
svg_preview	crates/svg_preview/Cargo.toml	gpui,ui
syntax_theme	crates/syntax_theme/Cargo.toml	gpui
system_specs	crates/system_specs/Cargo.toml	gpui
tab_switcher	crates/tab_switcher/Cargo.toml	gpui,ui
task	crates/task/Cargo.toml	gpui
tasks_ui	crates/tasks_ui/Cargo.toml	gpui,ui
telegram_ui	crates/telegram_ui/Cargo.toml	gpui,ui
terminal	crates/terminal/Cargo.toml	gpui
terminal_view	crates/terminal_view/Cargo.toml	gpui,ui
text	crates/text/Cargo.toml	gpui
theme	crates/theme/Cargo.toml	gpui
theme_extension	crates/theme_extension/Cargo.toml	gpui
theme_importer	crates/theme_importer/Cargo.toml	gpui
theme_selector	crates/theme_selector/Cargo.toml	gpui,ui
theme_settings	crates/theme_settings/Cargo.toml	gpui,gpui_util
title_bar	crates/title_bar/Cargo.toml	gpui,ui
toolchain_selector	crates/toolchain_selector/Cargo.toml	gpui,ui
ui	crates/ui/Cargo.toml	component,gpui,gpui_macros,gpui_util,ui_macros
ui_input	crates/ui_input/Cargo.toml	component,gpui,ui
ui_macros	crates/ui_macros/Cargo.toml	component,ui
ui_prompt	crates/ui_prompt/Cargo.toml	gpui,ui
util	crates/util/Cargo.toml	gpui_util
video_viewer	crates/video_viewer/Cargo.toml	gpui,ui
vim	crates/vim/Cargo.toml	gpui,ui
vim_mode_setting	crates/vim_mode_setting/Cargo.toml	gpui
watch	crates/watch/Cargo.toml	gpui
which_key	crates/which_key/Cargo.toml	gpui,ui
workspace	crates/workspace/Cargo.toml	component,gpui,ui,ui_input
worktree	crates/worktree/Cargo.toml	gpui
worktree_benchmarks	crates/worktree_benchmarks/Cargo.toml	gpui_platform
zlog_settings	crates/zlog_settings/Cargo.toml	gpui
zzz	crates/zzz/Cargo.toml	component,gpui,gpui_platform,gpui_tokio,ui,ui_prompt
zzz_actions	crates/zzz_actions/Cargo.toml	gpui
zzz_credentials_provider	crates/zzz_credentials_provider/Cargo.toml	gpui
